{
    "edges": [
        [
            "11",
            "18"
        ],
        [
            "18",
            "17"
        ],
        [
            "17",
            "16"
        ],
        [
            "13",
            "2"
        ],
        [
            "0",
            "13"
        ],
        [
            "0",
            "10"
        ],
        [
            "10",
            "4"
        ],
        [
            "4",
            "11"
        ],
        [
            "10",
            "11"
        ],
        [
            "18",
            "6"
        ],
        [
            "16",
            "3"
        ],
        [
            "1",
            "3"
        ],
        [
            "1",
            "2"
        ],
        [
            "13",
            "1"
        ],
        [
            "3",
            "5"
        ],
        [
            "5",
            "16"
        ],
        [
            "17",
            "6"
        ]
    ],
    "nodes": {
        "0": {
            "x": -0.8,
            "z": 0.0
        },
        "1": {
            "x": 0.0,
            "z": -1.2000000000000002
        },
        "10": {
            "x": -1.0,
            "z": 0.75
        },
        "11": {
            "x": 0.0,
            "z": 1.25
        },
        "13": {
            "x": -1.0,
            "z": -1.0
        },
        "16": {
            "x": 1.25,
            "z": -0.5
        },
        "17": {
            "x": 1.25,
            "z": 0.5
        },
        "18": {
            "x": 1.0,
            "z": 1.25
        },
        "2": {
            "x": -1.0,
            "z": -1.75
        },
        "3": {
            "x": 0.8,
            "z": -1.2000000000000002
        },
        "4": {
            "x": -0.8,
            "z": 1.6
        },
        "5": {
            "x": 1.6,
            "z": -1.6
        },
        "6": {
            "x": 1.6,
            "z": 1.6
        }
    }
}