{
    "edges": [
        [
            "9",
            "10"
        ],
        [
            "0",
            "12"
        ],
        [
            "12",
            "10"
        ],
        [
            "12",
            "11"
        ],
        [
            "11",
            "18"
        ],
        [
            "11",
            "4"
        ],
        [
            "4",
            "18"
        ],
        [
            "0",
            "11"
        ],
        [
            "4",
            "3"
        ],
        [
            "18",
            "3"
        ],
        [
            "18",
            "17"
        ],
        [
            "17",
            "16"
        ],
        [
            "16",
            "15"
        ],
        [
            "14",
            "15"
        ],
        [
            "14",
            "2"
        ],
        [
            "13",
            "2"
        ],
        [
            "13",
            "14"
        ],
        [
            "9",
            "13"
        ],
        [
            "14",
            "1"
        ],
        [
            "1",
            "15"
        ],
        [
            "15",
            "5"
        ],
        [
            "17",
            "6"
        ],
        [
            "18",
            "7"
        ]
    ],
    "nodes": {
        "0": {
            "x": -0.75,
            "z": 2.0
        },
        "1": {
            "x": 0.5,
            "z": -1.75
        },
        "10": {
            "x": -1.0,
            "z": 0.75
        },
        "11": {
            "x": 0.0,
            "z": 1.25
        },
        "12": {
            "x": -1.25,
            "z": 1.5
        },
        "13": {
            "x": -1.0,
            "z": -1.0
        },
        "14": {
            "x": -0.25,
            "z": -1.25
        },
        "15": {
            "x": 1.0,
            "z": -1.25
        },
        "16": {
            "x": 1.25,
            "z": -0.5
        },
        "17": {
            "x": 1.25,
            "z": 0.5
        },
        "18": {
            "x": 1.0,
            "z": 1.25
        },
        "2": {
            "x": -1.0,
            "z": -1.75
        },
        "3": {
            "x": 1.5,
            "z": 2.0
        },
        "4": {
            "x": 0.75,
            "z": 2.0
        },
        "5": {
            "x": 1.7999999999999998,
            "z": -1.7999999999999998
        },
        "6": {
            "x": 1.7999999999999998,
            "z": 0.0
        },
        "7": {
            "x": 1.7999999999999998,
            "z": 1.2
        },
        "9": {
            "x": -1.0,
            "z": -0.25
        }
    }
}