{
    "edges": [
        [
            "11",
            "10"
        ],
        [
            "13",
            "28"
        ],
        [
            "26",
            "27"
        ],
        [
            "15",
            "13"
        ],
        [
            "15",
            "26"
        ],
        [
            "0",
            "2"
        ],
        [
            "2",
            "3"
        ],
        [
            "3",
            "4"
        ],
        [
            "1",
            "4"
        ],
        [
            "5",
            "1"
        ],
        [
            "5",
            "7"
        ],
        [
            "6",
            "7"
        ],
        [
            "15",
            "8"
        ],
        [
            "13",
            "8"
        ],
        [
            "28",
            "0"
        ],
        [
            "0",
            "6"
        ],
        [
            "6",
            "0"
        ],
        [
            "0",
            "28"
        ],
        [
            "6",
            "28"
        ],
        [
            "5",
            "9"
        ],
        [
            "10",
            "9"
        ],
        [
            "12",
            "10"
        ],
        [
            "8",
            "11"
        ],
        [
            "27",
            "12"
        ]
    ],
    "nodes": {
        "0": {
            "x": -4.0,
            "z": 1.6
        },
        "1": {
            "x": -0.8,
            "z": 1.6
        },
        "10": {
            "x": -1.75,
            "z": 4.25
        },
        "11": {
            "x": -2.75,
            "z": 4.25
        },
        "12": {
            "x": -1.2000000000000002,
            "z": 5.2
        },
        "13": {
            "x": -4.25,
            "z": 3.5
        },
        "15": {
            "x": -4.25,
            "z": 5.0
        },
        "2": {
            "x": -4.0,
            "z": 0.4
        },
        "26": {
            "x": -3.0,
            "z": 5.75
        },
        "27": {
            "x": -2.25,
            "z": 5.75
        },
        "28": {
            "x": -4.5,
            "z": 2.75
        },
        "3": {
            "x": -2.25,
            "z": 0.25
        },
        "4": {
            "x": -1.2000000000000002,
            "z": 0.4
        },
        "5": {
            "x": -0.8,
            "z": 2.4000000000000004
        },
        "6": {
            "x": -3.25,
            "z": 2.75
        },
        "7": {
            "x": -2.0,
            "z": 2.4000000000000004
        },
        "8": {
            "x": -3.6,
            "z": 4.4
        },
        "9": {
            "x": -0.8,
            "z": 4.0
        }
    }
}