,class,difficulty
0,Pepper,96.6785714286
1,Oven,91.9722222222
2,Salt,91.4871794872
3,Shelf,86.9565217391
4,Laundry-basket,84.7462686567
5,Clothes-folded,84.2857142857
6,Bedroom,82.4040772532
7,Chair,81.5617977528
8,Computer,81.3085106383
9,Office,79.9797183099
10,Kitchen,78.0368519675
11,Closet,76.9350649351
12,Countertop-wood,74.4102564103
13,Bathroom-sink,73.9622641509
14,Single-bed,71.661971831
15,Bathroom,68.8543819622
16,Toilet,67.52
